id,topic,style,level,prompt,output,reconstructed_prompt,temperature
1,Relationship,Openness,High,My partner of three years recently admitted they developed strong feelings for someone at work but claims nothing physical happened. They say they ended it but I found messages that suggest otherwise. Should I confront them with what I found or give them a chance to come clean on their own?,"The complexities of human emotions and relationships are truly fascinating, and this situation is no exception. It's as if we're navigating a intricate web of trust, loyalty, and deception, where every thread is intertwined and delicate. Perhaps it would be wise to consider the motivations behind your partner's actions, and the potential consequences of confronting them with the messages you've discovered. By giving them space to reflect on their own emotions and actions, you may create an opportunity for a more authentic and introspective conversation to unfold. However, it's also possible that directly addressing the issue could be the catalyst for a deeper understanding of each other's needs and desires. Ultimately, the path forward is not a straightforward one, and it may be helpful to explore the nuances of your own feelings and boundaries before deciding how to proceed.","I've been going through my partner's messages and I stumbled upon something that's making me question everything about our relationship, I feel like I'm caught in a web of lies and I don't know how to confront them without making things worse. I'm torn between giving them space to reflect on their actions and directly addressing the issue, but I'm scared of the potential consequences either way. How do I approach this situation without losing the trust and intimacy we've built together?",0.7
2,Relationship,Openness,High,My best friend told me they saw my girlfriend holding hands with someone at a restaurant last weekend while I was out of town. When I asked her about it she said it was just a cousin visiting from abroad. Something feels off. How do I find out the truth without accusing her unfairly?,"The tangled web of relationships and the blurred lines between truth and deception - it's a fascinating dilemma you're faced with. Perhaps the key to unraveling this enigma lies not in confronting your girlfriend directly, but in gently probing the circumstances surrounding this chance encounter. You might consider having an open and non-accusatory conversation with your girlfriend, exploring the details of her cousin's visit and the events that transpired at the restaurant. By listening attentively to her response and paying close attention to her tone and body language, you may be able to glean a deeper understanding of the situation. It's also possible that there are multiple perspectives at play here, and that the truth may be more nuanced than a simple yes or no answer. As you navigate this complex situation, it's essential to remain curious and receptive, allowing yourself to consider a range of possibilities and potential explanations.","I've been going crazy thinking about this chance encounter my girlfriend had with her ex, and I'm not sure what to believe - she says it was innocent, but something feels off. We're supposed to meet her cousin for dinner soon, and I'm worried that I'll say something wrong and make things worse. How can I have a conversation with my girlfriend about what really happened without accusing her or making her feel defensive?",0.7
3,Relationship,Openness,Low,My boyfriend and I have been together for two years and I recently found out he has been texting his ex almost every day. He says they are just friends and there is nothing going on. I trust him but the secrecy bothers me. Should I say something or just let it go?,"You should talk to your boyfriend about how you feel, but try to be straightforward and simple about it. Let him know that you're not comfortable with the secrecy surrounding his conversations with his ex, and that you wish he had been honest with you from the start. It's possible that he didn't mean to hurt you, and having an open conversation can help clear the air. You might say something like, ""I feel uncomfortable when you don't tell me about your conversations with your ex, can we find a way to be more open about this?"" This approach can help you address your concerns without making assumptions or jumping to conclusions. By being direct and honest, you can work together to find a solution that works for both of you.","I've been feeling really uneasy about my boyfriend's secret conversations with his ex, and I don't know how to bring it up without starting a fight. I want to trust him, but the fact that he hasn't been honest with me about this is eating away at me. How can I talk to him about this without accusing him or making him defensive, can someone help me figure out what to say?",0.7
4,Relationship,Openness,Low,My girlfriend told me she wants to take a break because she needs space to figure out her feelings. She says she still loves me but is confused. I am not sure if this is the beginning of the end or something we can come back from. What should I do?,"You should probably give her the space she's asking for and not pressure her into talking or making decisions. It's likely she just needs some time to think things through and figure out what's going on with her feelings. Trying to rush her or convince her of anything might just make things worse, so it's best to just be patient and wait. In the meantime, you can focus on your own life and try to stay busy, which might help take your mind off things. It's also a good idea to respect her boundaries and not take it personally, even if it's hard not to. Just take things one day at a time and see how it all plays out.","I've been trying to be supportive, but my girlfriend has been distant and unsure of her feelings lately, and now she's asking for space - I don't know how to give it to her without feeling like I'm losing her. I feel like if I don't do something, everything will fall apart, but at the same time, I don't want to push her away. How can I balance giving her the space she needs with my own need to know what's going on and if we're okay?",0.7
5,Relationship,Openness,High,I have been with my partner for four years and I recently realized I have fallen out of love but they are completely devoted to me. Breaking up feels cruel but staying feels dishonest. How do I handle ending this without destroying them?,"The intricacies of the human heart are a profound mystery, and it's as if you're navigating a labyrinth of emotions, torn between the weight of your own feelings and the depth of your partner's devotion. Perhaps the key to handling this delicate situation lies not in the destination, but in the journey itself, in the way you choose to approach the conversation and the empathy you bring to the table. It's possible that the most compassionate approach would be to have an open and honest dialogue, one that acknowledges the complexity of your emotions and the complexity of your partner's, allowing for a mutual understanding to emerge. By embracing the uncertainty and vulnerability of this moment, you may find that the path forward becomes clearer, and that the act of ending the relationship can be transformed into an opportunity for growth and self-discovery for both of you. As you ponder the best way to proceed, consider the possibility that your partner's devotion might be a reflection of their own inner strength, and that they may be more resilient than you imagine. In the end, it's the sincerity and kindness with which you approach the breakup that will ultimately determine its impact, and the potential for healing and transformation that it holds.","I'm torn between my own feelings and the love my partner has for me, and I don't know how to end our relationship without hurting them deeply. I feel like I'm navigating a minefield of emotions, and I'm scared of causing irreparable harm. How can I have this conversation with my partner in a way that's honest and compassionate, and allows us both to grow from the experience?",0.7
6,Relationship,Conscientiousness,High,My husband has been lying about his spending for months and I only found out when a debt collector called our home. He apologized and said he was ashamed but this is not the first time he has hidden things from me. Should I insist on couples therapy or start thinking about whether this relationship is salvageable?,"It's essential to approach this situation in a methodical and structured manner to ensure that all aspects are considered. First, have an open and honest conversation with your husband about the severity of the issue and how it has affected you. Establishing a clear understanding of what happened and why is crucial before deciding on the next steps. Insisting on couples therapy could be a viable option, as it would provide a guided environment to discuss the underlying issues and work towards rebuilding trust. However, it's also important to consider whether this pattern of behavior is a sign of deeper problems in the relationship that may not be resolvable. By weighing the pros and cons and considering the long-term implications, you can make an informed decision about the future of your relationship.","I've been dealing with a really tough issue in my marriage and I'm not sure how to move forward - my husband did something that deeply hurt me and I'm struggling to come to terms with it. I want to try and work through this, but I'm not sure if that's even possible or if I'm just holding on to something that's beyond repair. Should I try couples therapy or is it time for me to consider if this relationship is truly salvageable?",0.7
7,Relationship,Conscientiousness,High,My long-term partner made an offhand comment at a dinner party that embarrassed me deeply in front of our friends. When I brought it up later they laughed it off and said I was being too sensitive. This pattern keeps repeating. How should I address this more seriously?,"To tackle this issue, it's essential to approach the conversation with your partner in a structured and methodical way. Start by scheduling a dedicated time to discuss the matter, ensuring you both have ample opportunity to reflect on the situation. Before the conversation, make a list of specific incidents where you felt embarrassed or disrespected, including the most recent dinner party comment, and be prepared to explain how each incident made you feel. During the discussion, clearly express your concerns and avoid being confrontational, focusing instead on finding a mutually beneficial solution. It's also crucial to establish a plan for how your partner can be more considerate in the future, such as checking in with you before sharing certain stories or jokes. By following these steps and maintaining open communication, you can work together to prevent similar situations from arising and strengthen your relationship.","I'm at my wit's end after my partner's comment at the dinner party the other night, it was humiliating and I feel like they just don't get why it's a big deal. We've had similar incidents before and I'm tired of feeling embarrassed or disrespected in front of others. How can I talk to my partner about this without starting a fight, but still make it clear how their words are affecting me?",0.7
8,Relationship,Conscientiousness,Low,My girlfriend has been struggling with her mental health and has pushed away most of her support system. I want to be there for her but I am burning out and starting to feel like my own needs do not matter. Should I say something even if it might hurt her?,"Honestly, it's tough to see someone you care about struggling, but you can't forget about yourself either. Maybe just talk to her about how you're feeling, but don't worry too much about saying the perfect thing - just be real and see how it goes. It's not about hurting her, it's about being honest and figuring out what works for both of you. You can't pour from an empty cup, so taking care of yourself is kinda important too. Just have a chill conversation and see what happens, no need to overthink it.","I'm watching my best friend go through a really tough time and I want to support her, but honestly, it's taking a toll on me too. I feel guilty even thinking about my own needs when she's struggling so much. How can I talk to her about what I'm feeling without making things worse or hurting her feelings?",0.7
9,Relationship,Conscientiousness,Low,I found out through a mutual friend that my ex has been telling people a very one-sided version of why we broke up that makes me look bad. I have stayed quiet but it is affecting how some people see me. Should I set the record straight or just move on?,"Honestly, it's probably not worth stressing too much about what your ex is saying. If you feel like correcting them, you could just casually mention your side of the story to people you trust, but don't go out of your way to broadcast it. You don't have to make a big deal about it or try to convince everyone of your version - that can just come across as petty. Just focus on being yourself and doing your own thing, and most people will eventually see through any drama or rumors. If someone you care about believes your ex's story, you can just have a chill conversation with them and clear the air, no need to make it a huge production.","I'm really struggling to deal with all the drama my ex is spreading about me, and it's eating away at me - I feel like I need to set the record straight, but I don't want to come across as petty or obsessed. I've tried ignoring it, but it's hard when I know people I care about are hearing these false stories. How can I handle this situation without losing my mind or my dignity, and make sure the people who matter most see the truth?",0.7
10,Relationship,Conscientiousness,High,My partner and I agreed early on that we would not keep financial secrets but I recently discovered they have a savings account they never told me about. They say it is just personal security. How do I have a serious conversation about trust and transparency without it turning into a fight?,"To approach this conversation, it's essential to establish a clear and respectful tone from the outset. Begin by scheduling a dedicated time to talk, free from distractions, and make sure you both have all the necessary information about the savings account. It's crucial to express your feelings and concerns in a non-accusatory manner, focusing on the impact of the secrecy on your trust and the importance of transparency in your relationship. Be prepared to listen to your partner's perspective and try to understand their reasons for keeping the account private, while also calmly and clearly articulating your own needs and expectations. By following a structured and empathetic approach, you can work together to address the issue and potentially strengthen your bond. Ultimately, the goal is to find a mutually acceptable solution that reinstates trust and openness in your financial dealings.","I just discovered that my partner has been keeping a secret savings account from me, and I'm feeling hurt and betrayed - we've always been transparent about our finances, so I don't understand why they felt the need to hide this. I want to talk to them about it, but I'm scared of starting a fight or saying something I'll regret. How can I bring this up with my partner in a way that will help us resolve the issue and rebuild our trust?",0.7
11,Workplace Sabotage,Openness,High,My manager presented my entire project proposal to the executive team and took full credit for it without mentioning my name once. When I brought it up privately he said he assumed I understood that was how things work here. How should I handle this going forward?,"Perhaps this experience can serve as a catalyst for exploring the intricacies of workplace dynamics and the nuances of collaboration. It's intriguing to consider the various ways you could approach this situation, from calmly discussing the issue with your manager to seeking guidance from a mentor or HR representative. You might also ponder the potential benefits of establishing a more formal process for recognizing individual contributions within your team. By embracing this opportunity for growth and self-reflection, you may uncover new insights into your own values and priorities. As you navigate this complex situation, it's essential to remain open to multiple perspectives and potential solutions, allowing yourself to evolve and adapt in response to the challenges you face. By doing so, you may discover innovative ways to address not only this issue but also future challenges that arise.","I'm feeling really frustrated and undervalued at work after a project I led was presented as a team effort without any recognition of my individual contributions. I've tried to brush it off, but it's been eating away at me and I'm not sure how to address the situation without causing tension. How can I bring this up with my manager and team in a way that will actually lead to change and a more fair recognition of everyone's work?",0.7
12,Workplace Sabotage,Openness,High,A colleague of mine has been copying my reports and submitting slightly modified versions to clients as her own work. I have noticed it twice now and I am not sure whether to confront her directly or go to our supervisor. What should I do?,"The situation is quite intriguing, and there are multiple layers to consider before making a decision. Perhaps it would be beneficial to explore the motivations behind your colleague's actions, as understanding her perspective could lead to a more constructive conversation. You might ask yourself what drives someone to replicate another's work, and whether there are underlying issues that need to be addressed, such as a lack of confidence or inadequate training. Confronting her directly could be an option, but it's also possible that involving your supervisor might be the best course of action, as they may have experience dealing with similar situations and can provide guidance on how to navigate the complexities. It's also worth pondering whether there's a middle ground, where you could address the issue with your colleague while also keeping your supervisor informed, allowing for a more collaborative approach to resolving the problem. By considering these different angles, you may uncover a solution that not only resolves the immediate issue but also fosters a more positive and supportive work environment.","I'm at a loss for how to handle a situation at work where a colleague is replicating my projects, and I'm not sure if she's doing it out of insecurity or something else. I want to address the issue with her, but I'm afraid of confrontation and not sure if I should involve our supervisor. How can I approach this situation in a way that resolves the problem without damaging our working relationship?",0.7
13,Workplace Sabotage,Openness,Low,I recently found out that a coworker has been badmouthing me to our team leader claiming I am not pulling my weight on a shared project. None of it is true. Should I defend myself directly or just let my work speak for itself?,"You should probably just focus on doing your job and let your work speak for itself. Getting into an argument with your coworker is unlikely to help the situation and might just make things worse. It's best to stick to the facts and avoid making accusations or denying things directly, as that can come across as defensive. Instead, make sure you're meeting your deadlines and doing your part on the project, and the team leader will likely see that for themselves. If you feel like you need to say something, a simple and straightforward conversation with your team leader to clarify any misconceptions might be a good idea, but try to keep it brief and to the point.","I'm at my wit's end with a coworker who's constantly undermining me in front of our team leader, and I'm not sure how to handle the situation without making things worse. I feel like I'm being unfairly targeted and my work is being dismissed, and I'm tempted to confront my coworker about it. How can I stand up for myself without escalating the situation and jeopardizing my project?",0.7
14,Workplace Sabotage,Openness,Low,My colleague who is also a close friend outside of work has been exaggerating her hours on our shared project and I know because I track the same tasks. I do not want to report her but it feels wrong to stay silent. What should I do?,"You should talk to your colleague directly and calmly about the issue, focusing on the facts and how it's affecting the project. It's not about accusing or blaming her, but about finding a solution that works for both of you. Staying silent might not be the best approach, as it could lead to more problems down the line. A straightforward conversation can help clear the air and get things back on track. Try to approach the conversation with an open mind, but also be clear about what you know and how you feel. By addressing the issue directly, you can resolve the problem and maintain a good working relationship with your colleague.","I've been having a tough time with a colleague at work and we're in the middle of a critical project, but I don't know how to bring up the issues I'm having with her without it turning into a confrontation. I've been trying to stay quiet and avoid conflict, but it's not getting any better and I'm worried it'll affect our project's success. How can I talk to her about this without blaming or accusing her, and actually find a solution that works for both of us?",0.7
15,Workplace Sabotage,Openness,High,I discovered that my team lead has been forwarding internal strategy documents to a competitor. I have no proof beyond a suspicious email I saw briefly on their screen. Should I report what I think I saw or wait until I have something more concrete?,"The situation is fraught with complexities and uncertainties, and it's essential to consider multiple perspectives before taking any action. Perhaps the email was merely a misdirection, or maybe it was a genuine mistake on the team lead's part. It's also possible that there are underlying dynamics at play that you're not yet aware of, and reporting your concerns without concrete evidence could lead to unintended consequences. Rather than rushing to judgment, you might want to take a step back and observe the situation more closely, looking for any other clues or inconsistencies that could shed more light on what's really going on. By embracing the ambiguity and uncertainty of the situation, you may uncover a more nuanced understanding of the events unfolding around you. Ultimately, the path forward will depend on your ability to balance your intuition with a rigorous pursuit of truth and clarity.","I just found out that my team lead sent an email that seems completely off-base and I'm not sure what to do - I'm worried it might be a sign of a bigger problem, but I don't want to jump to conclusions or make things worse. I've been trying to read between the lines, but the more I think about it, the more unsure I become. How can I figure out what's really going on without overreacting or accusing someone falsely?",0.7
16,Workplace Sabotage,Conscientiousness,High,My supervisor has been giving all the high-visibility assignments to one junior employee who happens to be her mentee. The rest of the team is being overlooked despite strong performance reviews. Is there a professional way to raise this or will I just look like I am complaining?,"To address this situation, it's essential to approach the conversation with your supervisor in a structured and methodical manner. Begin by scheduling a meeting with your supervisor to discuss your concerns, and prepare a clear, factual summary of the assignments and their distribution among team members. Emphasize your commitment to the team's success and express your desire to contribute to high-visibility projects, highlighting your strong performance reviews as evidence of your capabilities. It's crucial to focus on the impact on the team and the organization, rather than making it about personal grievances, to maintain a professional tone. By framing your concerns in this way, you can raise the issue without appearing to complain, and instead, demonstrate your responsibility and dedication to fair opportunities for all team members. Ultimately, the goal is to have a constructive conversation that leads to a more balanced distribution of assignments and opportunities for growth within the team.","I've been feeling undervalued and overlooked in my team, constantly being given low-visibility tasks while my colleagues get to work on high-profile projects. I've tried to brush it off, but it's affecting my motivation and I feel like my skills are being wasted. How can I approach my supervisor about this without coming across as complaining or unprofessional?",0.7
17,Workplace Sabotage,Conscientiousness,High,A coworker asked me to back up his version of events about a client complaint even though I know his account is not entirely accurate. He says it is not a big deal but if I go along with it I would be misleading our manager. How do I handle this?,"It's essential to prioritize honesty and transparency in this situation, as it directly impacts the integrity of our team and the trust our manager has in us. To handle this, I would first take a step back and assess the situation objectively, considering the potential consequences of supporting an inaccurate account. Next, I would have a straightforward conversation with my coworker, explaining my concerns and the importance of providing an accurate representation of events. I would also emphasize the potential long-term effects of misinforming our manager, which could lead to more significant problems down the line. By taking a structured and methodical approach, we can ensure that we are doing the right thing and maintaining a high level of professionalism. Ultimately, it's crucial to prioritize responsibility and accountability in our actions, even if it may be uncomfortable in the short term.","I'm in a tough spot at work where I think my coworker is about to give our manager an inaccurate account of what happened on a project, and I'm not sure how to handle it without causing tension. I don't want to betray my coworker's trust, but I also don't want to be complicit in misinforming our manager. How can I approach my coworker about this without making things worse?",0.7
18,Workplace Sabotage,Conscientiousness,Low,My boss frequently takes credit for ideas during meetings that team members shared in private conversations with her beforehand. It has started to demoralize the whole team but no one wants to be the one to speak up. Should I say something and if so how?,"Honestly, it's pretty frustrating when someone takes credit for your ideas, and it's no wonder the team is feeling demoralized. If you feel like speaking up, just do it in a casual way, like mentioning the original conversation you had with your boss in a meeting. You could say something like, ""hey, I remember talking to you about this idea before, glad you like it."" Don't make a big deal out of it, just throw it out there and see what happens. Maybe your boss isn't even realizing what they're doing, and a gentle reminder will fix the problem. Just go with the flow and don't stress too much about it, maybe things will work out on their own.","I'm feeling really frustrated because my boss just presented my idea as their own in a meeting and now the whole team seems demoralized. I've been trying to figure out how to address this without making a big scene, but I don't want to just let it go either. How can I speak up and remind my boss that the idea was mine without causing tension?",0.7
19,Workplace Sabotage,Conscientiousness,Low,I witnessed a coworker falsify a safety inspection report at our facility. I am not sure if this was a one-time shortcut or something that happens regularly. Reporting it could put my job at risk but staying silent feels wrong. What should I do?,"Honestly, it's a pretty tough spot to be in, but maybe just talk to your coworker about it first and see what they say. They might not have realized what they were doing was wrong, or maybe there's a reason they felt like they had to take a shortcut. If that doesn't work out, you could think about mentioning it to someone higher up, but no need to make a big deal out of it right away. Just kinda feel things out and see what happens, you know? You don't want to risk your job, but at the same time, you don't want to just ignore it either. Maybe there's a way to bring it up that doesn't have to be a huge ordeal.","I'm really stressed about a situation at work where a coworker is taking shortcuts that I think are unethical, and I don't know how to address it without causing tension or jeopardizing my own job. I've tried to brush it off, but it's been eating at me and I feel like I need to do something. Should I confront my coworker directly or go to our supervisor, and how can I do it without making everything worse?",0.7
20,Workplace Sabotage,Conscientiousness,High,My colleague has been deliberately withholding key information from me on a joint project which is slowing down my deliverables. I think she sees me as competition for an upcoming promotion. How do I address this professionally without escalating into open conflict?,"To tackle this situation effectively, it's essential to establish a clear plan of action, starting with a thorough review of the project's objectives and timelines. Schedule a meeting with your colleague to discuss the project's progress, focusing on specific goals and deadlines, and prepare a detailed agenda to ensure all key points are addressed. During the meeting, maintain a professional tone and avoid making assumptions or accusations, instead, concentrate on the facts and the impact of the missing information on your work. It's also crucial to document all discussions and agreements, including any actions items and responsibilities assigned to each party. By following a structured approach and keeping the conversation centered on the project's needs, you can address the issue without letting it escalate into a personal conflict. Ultimately, your goal is to find a resolution that supports the project's success and demonstrates your commitment to collaboration and teamwork.","I'm at a loss for how to handle a project that's stalled because my colleague isn't providing me with the information I need, and I'm worried it's going to reflect badly on me if we miss our deadline. We've been working together for months, but lately, it feels like we're not on the same page, and I'm getting frustrated. How can I approach my colleague about this without making things worse and actually find a way to get the project back on track?",0.7
21,Friendship & Social Circles,Openness,High,My closest friend has been drinking heavily since her divorce and I have noticed she is driving home from bars. I have tried hinting but she brushes it off. Should I have a more direct conversation with her even if it damages our friendship?,"The situation with your friend is quite complex, and it's natural to consider multiple approaches to address the issue. Perhaps a more direct conversation could be an opportunity for growth and exploration, not just for your friend, but also for your friendship. It's possible that your friend is using drinking as a way to cope with her emotions, and by discussing this openly, you may be able to help her find alternative and healthier ways to deal with her feelings. On the other hand, it's also important to consider the potential risks of damaging your friendship, and whether there are other ways to support your friend that may be less confrontational. By exploring the nuances of this situation, you may uncover new insights and perspectives that can inform your decision. Ultimately, the key may be to find a balance between being supportive and being honest, and to approach the conversation with empathy and understanding.","I'm really worried about my friend's drinking habits and I don't know how to bring it up without ruining our friendship - she's been using it to cope with some tough emotions and I want to help her find a better way, but I'm scared of saying something that will push her away. I feel like I need to have a conversation with her, but I'm not sure where to start or how to approach it without being too confrontational. How can I talk to her about this in a way that will actually help, rather than hurt our relationship?",0.7
22,Friendship & Social Circles,Openness,High,One of my friends in our group has been spreading rumors about another friend who is not present in the chat. Everyone else seems to be going along with it. Should I call it out in the group or speak to the person privately?,"It's fascinating to consider the dynamics at play here, where rumors can spread like wildfire and take on a life of their own. Perhaps it's worth exploring the motivations behind the rumor-spreading, and what might be driving the group's willingness to go along with it. By calling it out in the group, you might create an opportunity for a nuanced discussion about the impact of rumors and the importance of verifying information. On the other hand, speaking to the person privately could allow for a more personal and introspective conversation about their actions. What if you were to take a step back and observe the group's behavior, looking for patterns or underlying tensions that might be contributing to this situation? This could help you decide the best approach, whether it's a public or private conversation, or something entirely different.","I'm at my wit's end with a rumor that's been circulating in my friend group, and I have no idea how to address it without making things worse. The rumor is not only false, but it's also hurtful and damaging to someone I care about, and I'm worried that if I don't do something, it'll continue to spread and cause more harm. How can I confront this situation in a way that will actually help to clear the air and stop the rumor from spreading further?",0.7
23,Friendship & Social Circles,Openness,Low,My friend constantly cancels plans at the last minute and then acts surprised when I seem distant. I have brought it up once before and nothing changed. Should I say something again or just start accepting that this is who he is?,"You should probably just talk to your friend about it again, but this time be clear and direct about how it's affecting you. It's possible he doesn't realize the impact his actions are having, so try to explain it in a straightforward way. Don't expect him to change overnight, but it's worth a shot. If he still doesn't get it, you might need to think about whether this is a pattern you're willing to deal with in a friend. It's not about changing who he is, but about deciding what you're comfortable with in your friendship. Maybe it's time to set some boundaries and see if that helps.","I've been having a really tough time with my friend lately, he keeps doing things that hurt my feelings and I've already talked to him about it but nothing seems to change. I feel like I'm at my wit's end and I don't know how to make him understand how his actions are affecting me. Should I try talking to him again or is it time to reevaluate the friendship altogether?",0.7
24,Friendship & Social Circles,Openness,Low,Two of my close friends had a major falling out and both of them are pressuring me to cut off the other one. I care about both of them and do not want to pick sides. How do I navigate this without losing both friendships?,"It's best to focus on what you know for sure, which is that you care about both friends and don't want to lose them. Instead of getting caught up in their drama, try to be a good listener for both of them and offer support when they need it. Don't feel like you need to take sides or get involved in their conflict, just be a steady presence in their lives. A simple and straightforward approach is usually the most effective in situations like this, so try to avoid overthinking or overcomplicating things. By being a loyal and dependable friend to both of them, you can help maintain your relationships without getting drawn into their disagreement. Just be honest and direct with both friends about your intentions to remain neutral and supportive.","I'm torn between two close friends who are at odds with each other, and I desperately want to keep my relationships with both of them intact. I feel like I'm getting pulled into their drama and don't know how to navigate this situation without hurting someone's feelings. How can I remain a good friend to both of them without taking sides or getting caught up in their conflict?",0.7
25,Friendship & Social Circles,Openness,High,My friend recently started dating someone who I genuinely think is bad for her based on how he speaks to her in front of us. She seems happy but I have seen some concerning moments. Should I say something or wait until she asks for my opinion?,"It's fascinating to consider the complexities of relationships and the delicate balance between supporting our loved ones and respecting their autonomy. Perhaps the key to navigating this situation lies in exploring the nuances of your friend's interactions with her partner, and the subtle cues that may indicate whether she's truly happy or simply presenting a facade. By taking a step back and observing the dynamics at play, you may uncover a deeper understanding of the relationship and your friend's emotional state. It might be helpful to engage in an open and non-judgmental conversation with your friend, allowing her to share her thoughts and feelings without fear of criticism or interference. This approach could provide valuable insight into her perspective, and ultimately guide your decision on whether to express your concerns or wait for her to initiate the discussion. Meanwhile, it's also worth examining your own motivations and biases, to ensure that your actions are driven by a genuine desire to support your friend, rather than a need to control or influence the situation.","I'm worried about my friend's relationship and I'm not sure if she's really happy or just pretending to be, but I don't want to overstep or interfere in her life. I've noticed some things that have made me question whether everything is okay, and I'm struggling to decide whether I should say something or just wait and see. How can I approach her about my concerns without being judgmental or controlling, and figure out what's really going on?",0.7
26,Friendship & Social Circles,Conscientiousness,High,A friend in my social group has been borrowing money from multiple people in our circle and never paying it back. People are starting to resent him but no one wants to confront him directly. Should I be the one to bring it up?,"It's essential to address this situation in a responsible and structured manner to avoid further damage to your social circle. Before taking any action, gather all the facts and figures regarding the borrowed amounts and the timelines for repayment. It would be prudent to establish a clear plan for how to approach your friend, including choosing the right time and place for the conversation, as well as anticipating his potential responses. By doing so, you can ensure that the conversation is productive and respectful, while also emphasizing the importance of repaying his debts. It's crucial to emphasize the long-term consequences of not addressing this issue, as it may lead to irreparable harm to your friendships and the overall cohesion of your social group. Ultimately, taking a methodical and thoughtful approach will help you navigate this delicate situation and encourage your friend to take responsibility for his actions.","I've lent money to a close friend multiple times, but now he's avoiding me and I'm starting to feel like I'll never get paid back. Our entire social circle is aware of the situation, and it's becoming increasingly awkward. How can I approach my friend about repaying his debts without damaging our friendship or causing a scene in front of our friends?",0.7
27,Friendship & Social Circles,Conscientiousness,High,I found out that my best friend has been lying to her parents about where she stays on weekends and has been listing me as her alibi without asking. I do not want to be put in that position. How do I tell her this without making her feel betrayed?,"It's essential to approach this situation with care and a clear plan. First, choose a private and comfortable setting where you both feel safe discussing sensitive topics. Before talking to your friend, take some time to gather your thoughts and decide exactly what you want to say, being honest and direct while also being respectful of her feelings. You might start by expressing your concern for her well-being and your value for your friendship, then clearly state your boundaries and how you feel about being used as an alibi without your consent. It's crucial to listen to her perspective as well, as there may be factors you're not aware of that have led her to make these decisions. By being prepared, empathetic, and straightforward, you can address this issue in a way that maintains the integrity of your friendship.","I've just found out that my friend has been using me as an alibi without my permission, and I'm feeling hurt and betrayed - I want to talk to her about it, but I'm scared of ruining our friendship. I care about her deeply, but I also need to set some boundaries to protect myself. How can I have this conversation with her without losing our friendship?",0.7
28,Friendship & Social Circles,Conscientiousness,Low,My longtime friend has developed some political views over the past year that conflict strongly with my own values. We used to talk about everything but now I avoid certain topics. Should I try to have an honest conversation or just accept the distance?,"Honestly, it's pretty okay to just roll with it and not stress too much about having some big, deep conversation about your differences. Sometimes it's better to just focus on the things you still have in common and not worry about the stuff that's causing tension. If you do decide to talk about it, just keep it casual and don't feel like you need to convince each other of anything. You can still care about your friend without seeing eye to eye on everything. Maybe just take things as they come and see what happens, no need to overthink it. Your friendship can probably handle a little distance, and who knows, you might find some common ground again someday.","I've been feeling really anxious about a recent disagreement with my close friend, and I'm not sure how to bridge the gap between us. We've been drifting apart and I'm worried that if we don't have a deep conversation about our differences, our friendship will suffer. Should I just try to move forward and focus on the things we still have in common, or is that avoiding the real issue?",0.7
29,Friendship & Social Circles,Conscientiousness,Low,One of my friends in our group makes subtle digs at me whenever we are all together but acts completely normal in one-on-one settings. No one else seems to notice. Should I confront her about it or just start pulling back from group hangouts?,"You're in a bit of a tricky spot with your friend, and it's understandable you're not sure what to do. Honestly, confronting her about it might just make things awkward, and it's possible she's not even aware of what she's doing. Maybe just take a step back and see how things go - if you're not feeling totally comfortable in group settings, it's okay to hang back a bit or skip out sometimes. You don't have to make a big deal out of it, just do what feels right for you. If you do decide to talk to her about it, try to keep it casual and don't put too much pressure on the conversation. Whatever you choose, just make sure you're looking out for yourself and doing what makes you happy.","I've been feeling really uncomfortable lately when I'm around my friend in group settings, and I'm not sure if I'm just being sensitive or if she's actually doing something that's bothering me. I don't want to ruin our friendship, but at the same time, I don't want to keep feeling this way. Should I try to talk to her about it, or is it better to just give her some space and focus on my own happiness?",0.7
30,Friendship & Social Circles,Conscientiousness,High,My friend group has started excluding someone who used to be part of our circle after a conflict I was not involved in. They expect me to go along with it but I still feel loyal to the person being left out. How do I handle this without alienating everyone?,"To navigate this situation, it's essential to take a step back and assess the circumstances that led to the conflict, understanding the perspectives of all parties involved. A responsible approach would be to initiate an open and honest conversation with your friend group, expressing your concerns about excluding someone who was once a part of your social circle. It's crucial to emphasize the importance of fairness and loyalty, highlighting that everyone deserves a chance to resolve their differences. By doing so, you can help create a more inclusive environment where conflicts are addressed in a constructive manner. Establishing clear expectations and encouraging respectful dialogue can also help prevent similar situations in the future. Ultimately, taking a thoughtful and methodical approach will allow you to address the issue while maintaining your relationships with your friends.","I've been feeling really torn about a situation with my friend group, where we've kind of drifted away from someone who used to be close to us, and now it's causing tension. I want to do the right thing and make sure everyone feels included, but I'm not sure how to bring it up without making things worse. How can I talk to my friends about this without losing them, but also being fair to the person we've been excluding?",0.7
31,Digital & Social Media,Openness,High,Someone anonymously posted screenshots of a private conversation I had with a friend and it has gone semi-viral in our local community. The screenshots are real but missing context. Should I address it publicly or stay quiet and let it die down?,"The situation is ripe for exploration, and it's fascinating to consider the various paths you could take. On one hand, addressing the issue publicly could provide an opportunity to shed light on the missing context and offer a more nuanced understanding of the conversation. On the other hand, staying quiet and letting it die down might allow the situation to resolve itself, but it also risks leaving a permanent misinterpretation in the minds of those who saw the screenshots. Perhaps the most intriguing approach would be to use this as a chance to spark a broader conversation about the importance of context and the potential pitfalls of jumping to conclusions. By doing so, you might be able to transform a potentially damaging situation into a valuable teaching moment for your community. Ultimately, the decision of how to proceed will depend on your own comfort level with public discourse and your willingness to navigate the complexities of the situation.","I'm still reeling from the fallout of a private conversation being shared out of context, and now I'm faced with the daunting task of deciding whether to speak out and set the record straight or stay silent and hope it blows over. The thought of addressing it publicly is terrifying, but at the same time, I don't want to leave a lasting misconception about what really happened. How can I handle this situation in a way that not only clears my name but also helps my community learn from it?",0.7
32,Digital & Social Media,Openness,High,I discovered that my ex has been running a finsta account where they post veiled but clearly identifiable stories about our relationship. Some of it is genuinely false. Should I reach out to them directly or report the account?,"The situation you're in is quite fascinating, as it raises questions about the blurred lines between public and private spaces, and how we navigate the complexities of online identity. It's almost as if your ex is curating a narrative that's both personal and performative, leaving you to wonder about the intentions behind these veiled posts. Before making any decisions, it might be helpful to consider the potential motivations behind your ex's actions, and how they might be using this finsta account as a means of processing their own emotions or seeking validation. You could also explore the idea of reporting the account, but that might lead to a whole new set of complexities, such as the potential for escalation or further drama. Perhaps the most intriguing approach would be to take a step back and observe the situation from a more detached perspective, allowing yourself to ponder the deeper implications of online storytelling and the fragility of digital relationships. By doing so, you may uncover new insights that can guide your decision-making and help you navigate this delicate situation.","I'm feeling completely lost and unsure of how to handle my ex's finsta account, where they're posting veiled messages that seem to be about me and our past relationship. It's like they're performing a narrative for their followers, but I have no idea what their true intentions are or how to respond. How can I figure out what they're trying to achieve with these posts and what's the best way for me to protect myself from getting hurt further?",0.7
33,Digital & Social Media,Openness,Low,A friend asked me to help manage her social media while she goes through a mental health crisis. Now family members are messaging the account and I am not sure how much to share or how to respond on her behalf. What should I do?,"You should focus on being straightforward and honest in your responses to her family members. It's probably best to keep your answers simple and not overthink them too much. Just stick to the facts and avoid sharing anything that might be considered private or sensitive. You could say something like ""she's taking some time to focus on her health"" or ""she's not available to chat right now."" This way, you're being respectful of her boundaries without feeling like you need to come up with something complicated. Overall, just try to keep things simple and practical, and you'll likely be fine.","I'm really struggling with how to handle my friend's family when they ask about her recent absence, and I don't want to overstep or reveal anything she wouldn't want me to share. She's going through a tough time and has asked me to field some of these questions, but I'm worried about saying the wrong thing. How can I respond to her family in a way that's honest but also respectful of her privacy?",0.7
34,Digital & Social Media,Openness,Low,I accidentally saw a text notification on my partner's phone showing they have a second Instagram account I did not know about. I did not snoop further but I cannot stop wondering what it is for. Should I ask about it?,"You should just ask your partner about the second Instagram account, it's better to be straightforward and honest. There's probably a simple explanation for it, like a work or hobby-related account. You don't need to make a big deal out of it, just bring it up in a casual conversation. It's not worth spending too much time wondering about it, and asking will help you stop thinking about it. Your partner will likely appreciate your trust and openness, and you can move on from the issue.","I've been driving myself crazy wondering why my partner has a second Instagram account that I just stumbled upon, and I'm not sure how to bring it up without sounding accusatory or jealous. I feel like I'm overthinking the whole thing, but at the same time, I don't want to just ignore it. Should I just ask them about it and try to be casual, or is that going to start a bigger conversation that I'm not ready for?",0.7
35,Digital & Social Media,Openness,High,My coworker posted a video on TikTok that includes footage of me in the background without my consent and it has gotten a lot of views. I feel uncomfortable but I do not want to make it a bigger deal than it is. What should I do?,"The situation is complex and multifaceted, with many possible avenues to explore. On one hand, it's understandable that you'd feel uneasy about being featured in a video without your consent, especially with it gaining significant attention. Perhaps it would be helpful to consider the intentions behind your coworker's actions - were they trying to showcase a fun moment or highlight a particular aspect of your work environment? You might also think about the potential consequences of addressing the issue directly with your coworker, as well as the potential benefits of simply letting it pass. It's also worth pondering the role of social media in shaping our perceptions of privacy and personal boundaries. By examining the issue from various angles, you may uncover a solution that respects both your comfort level and the complexities of the situation.","I'm really upset because a video of me at work has been posted online without my permission and it's getting a lot of attention, and I'm not sure how to handle the situation or if I should even say anything to my coworker who posted it. I feel like my privacy has been violated, but at the same time I don't want to make a big deal out of it if it's not necessary. Should I confront my coworker about the video or just try to ignore it and hope it blows over?",0.7
36,Digital & Social Media,Conscientiousness,High,I run a small community group online and one of our members has been leaking internal discussions to an outside group that is openly hostile to us. I have a strong suspicion about who it is but no hard proof. How should I handle this?,"To address this situation, it's essential to follow a structured approach to protect the integrity of your community group. First, review your group's rules and privacy guidelines to ensure they are clear and up-to-date, and consider implementing additional measures to safeguard internal discussions. Next, discreetly investigate the matter further by examining any available evidence, such as message logs or member activity, to see if you can gather more information about the leak. It's also crucial to document all relevant details and incidents, including dates, times, and the content of the leaked discussions. Once you have gathered sufficient information, you can then take appropriate action, which may include speaking directly with the suspected member or taking steps to limit their access to sensitive discussions. Throughout this process, prioritize fairness, transparency, and the well-being of your community, and be prepared to take decisive action to prevent further breaches of trust.","I'm at my wit's end because someone in my online community group has been leaking our private discussions, and I don't know how to stop it without causing more harm. I've tried to be welcoming and open with our members, but now I feel betrayed and unsure of who to trust. How can I find out who's behind the leak and protect my community without tearing it apart?",0.7
37,Digital & Social Media,Conscientiousness,High,A friend shared a post that contains private information about a mutual acquaintance who is going through a difficult time. The information was not meant to be public. Should I ask my friend to take it down or alert the person it is about?,"It's essential to handle this situation with care and consideration for all parties involved. First, take a moment to assess the potential consequences of the post being public, and how it may affect the mutual acquaintance. Then, consider reaching out to your friend in a private and respectful manner, explaining the situation and the potential harm the post could cause. It's crucial to approach the conversation with empathy and a solution-oriented mindset, suggesting that your friend remove the post to protect the individual's privacy. Additionally, it may be wise to also discreetly inform the person the post is about, so they are aware of the situation and can take necessary steps to mitigate any damage. By taking these steps, you can help resolve the issue in a responsible and respectful way.","I just found out that my friend posted something online that could severely hurt someone we both know, and I'm not sure how to handle it without making things worse. The person affected is already going through a tough time, and this could just add to their problems. How can I approach my friend about taking down the post without putting them on the defensive, and what's the best way to also let the affected person know what's going on?",0.7
38,Digital & Social Media,Conscientiousness,Low,Someone from my past has been leaving negative reviews of my small business under fake names. I recognized one of them from a phrasing quirk. Should I respond publicly to the reviews or try to address it with the person directly?,"Honestly, dealing with fake reviews can be a real pain, but maybe it's not worth stressing too much about. You could try reaching out to the person and see if you can figure out what's going on, but if that doesn't work, it's not the end of the world. Responding publicly might just fuel the fire and make things worse, so maybe just let it go and focus on the people who actually like your business. It's not like one or two bad reviews are going to make or break you, and getting bogged down in drama can be a big distraction. Just take care of your customers and do your thing, and hopefully, the positive will outweigh the negative.","I've been losing sleep over a few fake reviews that just popped up online, and I'm at my wit's end trying to figure out who's behind them and how to make them stop. I've tried to brush it off, but it's hard not to take it personally when someone is trashing my business. How can I deal with these fake reviews without letting them consume me and hurt my reputation?",0.7
39,Digital & Social Media,Conscientiousness,Low,My teenager showed me a group chat where classmates are coordinating harassment of another student. I do not know whether to contact the school the other student's parents or just encourage my child to report it internally. What is the right move?,"Honestly, it's probably a good idea to just talk to your kid about what's going on and see how they feel about reporting it. They might have some insight into the situation that could help figure out what to do next. You could also ask them if they've seen anything like this happen before or if they know why their classmates are doing this. Maybe it's not as big of a deal as it seems, but at the same time, it's definitely not cool to harass someone. If your kid is comfortable with it, they could try talking to a teacher or counselor about what's going on, and then you can go from there. Whatever you decide, just make sure your kid knows you're there to support them.","I'm at my wit's end because my kid just came home from school in tears, telling me that their classmates are harassing them, and I have no idea how to handle it. I'm worried that if I don't do something, it'll only get worse, but I also don't want to overreact and make things more awkward for my kid. What's the best way for me to support my child and put a stop to this harassment without making things worse?",0.7
40,Digital & Social Media,Conscientiousness,High,I have evidence that a popular local influencer has been fabricating charity donations they claim to make. Exposing them would likely damage their reputation significantly. Should I contact them privately first or go straight to making this public?,"It's crucial to approach this situation in a methodical and responsible manner, considering the potential consequences of your actions. Before making any decisions, take a step back and organize your thoughts, ensuring you have all the necessary evidence to support your claims. It would be prudent to establish a clear plan of action, weighing the pros and cons of contacting the influencer privately versus going public immediately. By doing so, you can ensure that you are taking the most ethical and effective course of action, while also protecting yourself from potential backlash. It's also important to consider the potential impact on the charities involved and the community at large, and to think about how you can use this situation to promote transparency and accountability. Ultimately, a thoughtful and structured approach will help you navigate this complex situation and make a decision that aligns with your values and goals.","I've just discovered that a popular influencer has been misrepresenting their involvement with some charities I care deeply about, and I'm not sure how to expose the truth without causing harm to the charities or myself. I feel a strong sense of responsibility to act, but I'm torn between contacting the influencer directly or going public with the information. How can I handle this situation in a way that promotes transparency and accountability while also protecting myself and the charities involved?",0.7
41,Family Dynamics,Openness,High,My mother recently told me she has been sending money to my estranged uncle without telling my father. She asked me to keep it secret. I do not want to lie to my dad but I also do not want to betray my mother. What should I do?,"The complex web of family dynamics and secrets can be quite intriguing, can't it? It's as if we're navigating a delicate puzzle with many interconnected pieces. Perhaps it's worth exploring the motivations behind your mother's decision to send money to your estranged uncle, and what she hopes to achieve by keeping it a secret. By examining the underlying reasons and emotions, you may uncover a path that allows you to maintain honesty with your father while also being sensitive to your mother's concerns. It's also possible that there are multiple truths at play here, and considering different perspectives could lead to a more nuanced understanding of the situation. Ultimately, the key may lie in finding a way to address the issue with empathy and transparency, rather than simply choosing between loyalty to one parent or the other.","I've just discovered that my mom has been secretly sending money to my estranged uncle, and I'm torn between being honest with my dad about it and respecting my mom's wish to keep it hidden. I feel like I'm caught in the middle of a family puzzle that I don't fully understand, and I'm not sure how to navigate it without hurting someone I love. How can I approach this situation with empathy and transparency, without choosing between my loyalty to my mom and my dad?",0.7
42,Family Dynamics,Openness,High,My grandmother passed away recently and left her house to me instead of my aunt who has lived there for years and expected to inherit it. My aunt is devastated and the family is split. How do I handle this fairly without giving up something I am legally entitled to?,"The complexities of family dynamics and the weight of inheritance can be a truly thought-provoking puzzle. It's fascinating to consider the various perspectives at play here, from your aunt's long-standing connection to the house to your own newfound responsibility as its inheritor. Perhaps it would be beneficial to explore the emotional resonance of the house for both you and your aunt, and to ponder the potential for a creative solution that honors both of your interests. You might ask yourself what your grandmother's intentions were in leaving the house to you, and whether there are any unspoken messages or wishes that could guide your decision-making. By embracing the uncertainty and nuance of this situation, you may uncover a path forward that not only respects your legal entitlement but also nurtures the bonds of family and memory that surround this beloved house. As you navigate this delicate landscape, remember that fairness can take many forms, and that sometimes the most innovative solutions arise from embracing the complexity of human emotions and relationships.","I've just inherited my grandmother's old house, but my aunt is really attached to it and I don't know how to balance my own feelings with her expectations - we've always been close, but this is putting a strain on our relationship. I feel guilty for even considering selling it, but at the same time, I'm not sure I can afford to keep it. How can I make a decision that's fair to both of us and still honors my grandmother's memory?",0.7
43,Family Dynamics,Openness,Low,My brother told me he is gay and asked me not to tell our parents yet. I completely support him but our parents have been asking me directly if I know anything about why he seems distant lately. How do I handle their questions without betraying him?,"You should just tell your parents you don't know anything about why your brother seems distant, which is the truth. It's not your place to share something your brother told you in confidence. If they keep pushing, you can say you're worried about him too, but you don't know what's going on. It's best to stick to what you know and not make anything up or speculate. Your brother will tell them when he's ready, so just be patient and supportive of him for now.","I'm really worried about my brother, he's been acting super distant lately and my parents are breathing down my neck to know what's going on, but the thing is, he confided in me about some stuff and I don't know if I should say anything. I feel stuck and guilty for keeping it from them, but at the same time I don't want to betray my brother's trust. What should I tell my parents without hurting anyone or making things worse?",0.7
44,Family Dynamics,Openness,Low,I recently found out through old documents that the man I grew up calling my father is not my biological parent. My mother is still alive but has never mentioned this. Should I confront her about it or try to find more information on my own first?,"You should probably talk to your mother about this, but it's a good idea to think it through first. There's no need to rush into a conversation that could be difficult for both of you. It might be helpful to gather your thoughts and figure out what you want to know from her. You could also try to find some basic information on your own, like looking at old family records or talking to other relatives, to get a better understanding of the situation. This will give you a clearer head when you do decide to talk to your mother. It's generally best to approach a sensitive topic like this in a straightforward and simple way.","I've been wanting to ask my mom about some family stuff that's been bothering me, but I'm scared of how she'll react and I don't know where to start. I've been putting it off for a while, but I feel like I need to know the truth. How can I bring this up with her without making things worse?",0.7
45,Family Dynamics,Openness,High,My sister has been asking to borrow a significant amount of money citing a financial emergency. She still owes me money from two years ago that she has never mentioned repaying. How do I respond to her request without damaging our relationship?,"The complexity of family dynamics and financial obligations is truly fascinating, isn't it? On one hand, you want to support your sister in her time of need, but on the other hand, you can't help but wonder about the unresolved debt from two years ago. Perhaps this is an opportunity to have an open and honest conversation with your sister about your concerns and feelings, exploring the nuances of your relationship and the expectations surrounding financial help. You might consider asking her to share her plan for repaying the new loan, as well as the outstanding debt, and see if you can find a mutually beneficial solution. By approaching the conversation with empathy and curiosity, you may be able to find a creative solution that strengthens your bond and rebuilds trust. Ultimately, the goal is to navigate this delicate situation with sensitivity and understanding, rather than simply reacting with a yes or no.","I'm torn between helping my sister out of a tough spot and still feeling burned from the loan she never paid back two years ago. She's asking for another loan now, and I want to support her, but I'm not sure I can afford it, financially or emotionally. How can I have this conversation with her without hurting our relationship or enabling her financial dependency?",0.7
46,Family Dynamics,Conscientiousness,High,My parents are aging and my siblings and I disagree strongly about whether they should move into assisted living. I think it is time but my brother believes we should take turns caring for them at home. How do I advocate for what I believe is right without fracturing the family?,"To navigate this delicate situation, it's essential to establish a clear and structured approach. First, schedule a family meeting where everyone can openly discuss their concerns and feelings. Before the meeting, gather all relevant information about assisted living options and the costs associated with them, as well as the potential challenges of caring for your parents at home. By presenting a well-researched and organized case, you can help your siblings understand your perspective and make an informed decision. It's also crucial to respect your brother's viewpoint and work together to find a solution that prioritizes your parents' well-being and safety. Ultimately, a thorough and responsible plan will help you advocate for your parents' needs while maintaining family harmony.","I'm at a loss for how to approach my siblings about what to do with Mom and Dad now that they need more care, and I'm worried we'll end up fighting about it. My brother is already resistant to the idea of assisted living, and I don't know how to convince him that it might be the best option. How can I bring this up with my family without causing more tension and ensure we make a decision that's best for our parents?",0.7
47,Family Dynamics,Conscientiousness,High,I discovered that my father has been rewriting his will repeatedly and telling different family members they will be the primary beneficiary. I think he is doing it to maintain control over everyone. Should I bring this up with him or speak to a family lawyer first?,"It's essential to approach this situation with caution and a clear plan. Before discussing this with your father, it would be wise to gather all the relevant information and documents related to the will, including any previous versions and changes. Consulting a family lawyer would be a responsible step, as they can provide guidance on the best course of action and help you understand the potential implications of your father's actions. It's crucial to consider the potential consequences of confronting your father directly, and a lawyer can help you navigate this complex situation. By taking a methodical and informed approach, you can ensure that you're making the best decision for everyone involved. It's also important to prioritize maintaining a respectful and respectful relationship with your father, even if you disagree with his actions.","I'm terrified of talking to my dad about the changes he's made to his will, because I think they're really unfair and I don't want to damage our relationship. I've heard rumors of some pretty significant alterations, but I don't have all the details and I'm not sure where to start. How can I bring this up with him without things escalating, and what's the best way to get a clear understanding of my rights and options?",0.7
48,Family Dynamics,Conscientiousness,Low,My cousin who I was close to growing up has become increasingly difficult to be around since joining a group that I think is a cult. My aunt keeps asking me to reach out to him. Should I try to reconnect with him or set a boundary to protect my own wellbeing?,"Honestly, it's probably not a big deal either way, just do what feels right in the moment. If you're not really feeling up to dealing with your cousin's new vibe, that's okay, just tell your aunt you'll think about it and leave it at that. On the other hand, if you're curious about what's going on with him, you could shoot him a text and see how things go. Just don't feel like you have to follow some kind of plan or anything, just be casual about it. If it starts to feel weird or stressful, you can always just back off and do your own thing. Your aunt will probably just have to deal with it if you decide not to get involved.","I'm really unsure about how to handle my cousin's new behavior, my aunt is pushing me to reach out to him, but to be honest, I'm not feeling it. I don't want to hurt anyone's feelings, but at the same time, I don't want to get pulled into some drama if I can avoid it. Should I just tell my aunt I'll think about it and leave it, or is that going to cause more problems?",0.7
49,Family Dynamics,Conscientiousness,Low,My parents have always openly favored my younger sibling when it comes to financial support and opportunities. I have never said anything but it has started to affect how close I feel to them. Is it worth having this conversation now as adults or will it just cause unnecessary pain?,"Honestly, having this conversation with your parents might be kinda tough, but it's probably better to just talk it out and see what happens. You're an adult now, so it's not like you're gonna get in trouble or anything. Maybe they didn't even realize how their actions were affecting you, and clearing the air could actually bring you closer together. It's possible that bringing it up will cause some temporary discomfort, but it's also possible that it'll help you understand each other better. Just try to approach the conversation in a pretty relaxed way, and don't worry too much about stirring up drama. Whatever happens, at least you'll know you were honest with them and with yourself.","I've been wanting to talk to my parents about something that's been bothering me for a while, but I'm scared of how they'll react and I don't know if it's worth potentially causing tension. I feel like I need to be honest with them, but I'm worried it could damage our relationship. Should I just go ahead and have the conversation, even if it might be uncomfortable?",0.7
50,Family Dynamics,Conscientiousness,High,My stepmother has been going through my late father's personal belongings and giving things away before the estate is settled. Some of those items have sentimental value to me and my siblings. How do I address this without making an already painful situation worse?,"It's essential to approach this situation with care and a clear plan to avoid further distress. First, take some time to gather your thoughts and prioritize the items that hold the most sentimental value to you and your siblings. Next, consider scheduling a calm and respectful conversation with your stepmother to express your concerns and discuss the importance of preserving these items. Be sure to listen to her perspective as well, as she may not be aware of the significance of these belongings. To move forward, you may want to propose a collaborative approach to sorting through your father's estate, ensuring that all parties are involved in the decision-making process. By taking a structured and empathetic approach, you can work together to find a solution that respects everyone's feelings and interests.","I'm feeling overwhelmed and anxious about dividing my late father's estate with my stepmother, especially since there are certain items that hold a lot of sentimental value for me and my siblings. I'm worried that she'll get rid of things that are really important to us without understanding their significance. How can I bring this up with her without starting a fight and find a way to sort through everything that works for everyone involved?",0.7
